ilçe,altyapı_skoru,kritik_tesis,yedek_güç,mevsim,süre
Konak,0.8,1,1,yaz,46
Aliağa,0.9,1,1,yaz,46
Bornova,0.7,1,0,yaz,118
Karşıyaka,0.6,0,0,yaz,120
Çeşme,0.5,0,1,yaz,165
Tire,0.4,0,0,yaz,231
Konak,0.8,1,1,kış,43
Bornova,0.7,1,0,kış,72
Aliağa,0.9,1,1,kış,81
Çeşme,0.5,0,1,kış,117
Karşıyaka,0.6,0,0,kış,137
Tire,0.4,0,0,kış,227
Aliağa,0.9,1,1,bahar,36
Bornova,0.7,1,0,bahar,60
Konak,0.8,1,1,bahar,69
Çeşme,0.5,0,1,bahar,106
Karşıyaka,0.6,0,0,bahar,107
Tire,0.4,0,0,bahar,190
Bornova,0.7,1,0,yaz,115
Karşıyaka,0.6,0,0,yaz,117
Çeşme,0.5,0,1,yaz,158
Tire,0.4,0,0,yaz,241
Karşıyaka,0.6,0,0,bahar,60
Tire,0.4,0,0,bahar,90
Aliağa,0.9,1,1,bahar,95
Konak,0.8,1,1,bahar,112
Çeşme,0.5,0,1,bahar,151
Bornova,0.7,1,0,bahar,152
Aliağa,0.9,1,1,sonbahar,39
Karşıyaka,0.6,0,0,sonbahar,66
Konak,0.8,1,1,sonbahar,76
Çeşme,0.5,0,1,sonbahar,114
Bornova,0.7,1,0,sonbahar,117
Tire,0.4,0,0,sonbahar,206
Çeşme,0.5,0,1,bahar,36
Aliağa,0.9,1,1,bahar,64
Konak,0.8,1,1,bahar,92
Bornova,0.7,1,0,bahar,132
Karşıyaka,0.6,0,0,bahar,164
Aliağa,0.9,1,1,kış,43
Konak,0.8,1,1,kış,80
Çeşme,0.5,0,1,kış,114
Karşıyaka,0.6,0,0,kış,129
Tire,0.4,0,0,kış,225
Çeşme,0.5,0,1,kış,43
Karşıyaka,0.6,0,0,kış,72
Konak,0.8,1,1,kış,73
Aliağa,0.9,1,1,kış,95
Bornova,0.7,1,0,kış,145
Tire,0.4,0,0,kış,220
Konak,0.8,1,1,sonbahar,39
Aliağa,0.9,1,1,sonbahar,67
Çeşme,0.5,0,1,sonbahar,100
Bornova,0.7,1,0,sonbahar,130
Tire,0.4,0,0,sonbahar,208
Çeşme,0.5,0,1,yaz,46
Aliağa,0.9,1,1,yaz,81
Karşıyaka,0.6,0,0,yaz,153
Tire,0.4,0,0,yaz,237
Çeşme,0.5,0,1,sonbahar,39
Konak,0.8,1,1,sonbahar,65
Aliağa,0.9,1,1,sonbahar,98
Bornova,0.7,1,0,sonbahar,135
Tire,0.4,0,0,sonbahar,203
Konak,0.8,1,1,bahar,59
Bornova,0.7,1,0,bahar,86
Karşıyaka,0.6,0,0,bahar,127
Tire,0.4,0,0,bahar,182
Bornova,0.7,1,0,yaz,114
Karşıyaka,0.6,0,0,yaz,109
Tire,0.4,0,0,yaz,234
Konak,0.8,1,1,bahar,61
Bornova,0.7,1,0,bahar,123
Karşıyaka,0.6,0,0,bahar,138
Çeşme,0.5,0,1,bahar,165
Karşıyaka,0.6,0,0,yaz,78
Tire,0.4,0,0,yaz,117
Konak,0.8,1,1,yaz,113
Aliağa,0.9,1,1,yaz,152
Bornova,0.7,1,0,yaz,185
Çeşme,0.5,0,1,yaz,199
Aliağa,0.9,1,1,kış,84
Konak,0.8,1,1,kış,101
Karşıyaka,0.6,0,0,kış,145
Tire,0.4,0,0,kış,215
Çeşme,0.5,0,1,bahar,103
Karşıyaka,0.6,0,0,bahar,108
Tire,0.4,0,0,bahar,183
Konak,0.8,1,1,sonbahar,69
Bornova,0.7,1,0,sonbahar,92
Karşıyaka,0.6,0,0,sonbahar,140
Tire,0.4,0,0,sonbahar,198
Aliağa,0.9,1,1,kış,80
Bornova,0.7,1,0,kış,104
Karşıyaka,0.6,0,0,kış,149
Tire,0.4,0,0,kış,209
Konak,0.8,1,1,yaz,90
Çeşme,0.5,0,1,yaz,121
Bornova,0.7,1,0,yaz,154
Tire,0.4,0,0,yaz,250
Konak,0.8,1,1,yaz,87
Çeşme,0.5,0,1,yaz,133
Bornova,0.7,1,0,yaz,143
Tire,0.4,0,0,yaz,255
Bornova,0.7,1,0,yaz,78
Aliağa,0.9,1,1,yaz,124
Konak,0.8,1,1,yaz,119
Çeşme,0.5,0,1,yaz,160
Tire,0.4,0,0,yaz,233
Bornova,0.7,1,0,sonbahar,66
Çeşme,0.5,0,1,sonbahar,115
Karşıyaka,0.6,0,0,sonbahar,125
Tire,0.4,0,0,sonbahar,205
Konak,0.8,1,1,bahar,36
Aliağa,0.9,1,1,bahar,58
Karşıyaka,0.6,0,0,bahar,114
Tire,0.4,0,0,bahar,180
Aliağa,0.9,1,1,sonbahar,71
Bornova,0.7,1,0,sonbahar,95
Aliağa,0.9,1,1,bahar,62
Konak,0.8,1,1,bahar,95
Bornova,0.7,1,0,bahar,137
Karşıyaka,0.6,0,0,bahar,152
Bornova,0.7,1,0,bahar,131
Karşıyaka,0.6,0,0,bahar,135
Çeşme,0.5,0,1,bahar,156
Bornova,0.7,1,0,kış,112
Karşıyaka,0.6,0,0,kış,157
Tire,0.4,0,0,kış,218
Konak,0.8,1,1,bahar,58
Çeşme,0.5,0,1,bahar,96
Karşıyaka,0.6,0,0,bahar,110
Tire,0.4,0,0,bahar,188
Aliağa,0.9,1,1,sonbahar,63
Çeşme,0.5,0,1,sonbahar,106
Tire,0.4,0,0,sonbahar,207
Aliağa,0.9,1,1,sonbahar,97
Konak,0.8,1,1,sonbahar,94
Çeşme,0.5,0,1,sonbahar,126
Tire,0.4,0,0,sonbahar,191
Konak,0.8,1,1,yaz,88
Çeşme,0.5,0,1,yaz,125
Karşıyaka,0.6,0,0,yaz,149
Tire,0.4,0,0,yaz,252
Konak,0.8,1,1,sonbahar,62
Çeşme,0.5,0,1,sonbahar,109
Karşıyaka,0.6,0,0,sonbahar,116
Tire,0.4,0,0,sonbahar,210
Konak,0.8,1,1,sonbahar,74
Aliağa,0.9,1,1,sonbahar,100
Karşıyaka,0.6,0,0,sonbahar,143
Tire,0.4,0,0,sonbahar,194
Aliağa,0.9,1,1,yaz,83
Konak,0.8,1,1,yaz,125
Bornova,0.7,1,0,yaz,176
Karşıyaka,0.6,0,0,yaz,209
Aliağa,0.9,1,1,bahar,63
Çeşme,0.5,0,1,bahar,90
Bornova,0.7,1,0,bahar,117
Tire,0.4,0,0,kış,108
Aliağa,0.9,1,1,kış,109
Konak,0.8,1,1,kış,144
Karşıyaka,0.6,0,0,kış,179
Çeşme,0.5,0,1,kış,183
Aliağa,0.9,1,1,yaz,76
Çeşme,0.5,0,1,yaz,122
Bornova,0.7,1,0,yaz,142
Tire,0.4,0,0,yaz,246
Aliağa,0.9,1,1,yaz,89
Bornova,0.7,1,0,yaz,167
Karşıyaka,0.6,0,0,yaz,181
Çeşme,0.5,0,1,yaz,208
Konak,0.8,1,1,yaz,86
Çeşme,0.5,0,1,yaz,137
Karşıyaka,0.6,0,0,yaz,150
Tire,0.4,0,0,yaz,247
Konak,0.8,1,1,kış,79
Aliağa,0.9,1,1,kış,97
Karşıyaka,0.6,0,0,kış,154
Tire,0.4,0,0,kış,206
Karşıyaka,0.6,0,0,sonbahar,96
Çeşme,0.5,0,1,sonbahar,139
Tire,0.4,0,0,sonbahar,195
Aliağa,0.9,1,1,bahar,60
Konak,0.8,1,1,bahar,82
Bornova,0.7,1,0,bahar,128
Tire,0.4,0,0,bahar,171
Konak,0.8,1,1,bahar,66
Bornova,0.7,1,0,bahar,120
Karşıyaka,0.6,0,0,bahar,145
Çeşme,0.5,0,1,bahar,153
Tire,0.4,0,0,sonbahar,99
Aliağa,0.9,1,1,sonbahar,95
Konak,0.8,1,1,sonbahar,127
Karşıyaka,0.6,0,0,sonbahar,155
Çeşme,0.5,0,1,sonbahar,164
Konak,0.8,1,1,kış,78
Çeşme,0.5,0,1,kış,121
Karşıyaka,0.6,0,0,kış,134
Tire,0.4,0,0,kış,233
Aliağa,0.9,1,1,yaz,78
Bornova,0.7,1,0,yaz,119
Karşıyaka,0.6,0,0,yaz,161
Aliağa,0.9,1,1,sonbahar,102
Konak,0.8,1,1,sonbahar,132
Karşıyaka,0.6,0,0,sonbahar,163
Çeşme,0.5,0,1,sonbahar,162
Çeşme,0.5,0,1,bahar,97
Karşıyaka,0.6,0,0,bahar,105
Aliağa,0.9,1,1,kış,78
Konak,0.8,1,1,kış,114
Bornova,0.7,1,0,kış,176
Karşıyaka,0.6,0,0,kış,193
Bornova,0.7,1,0,yaz,117
Çeşme,0.5,0,1,yaz,164
Tire,0.4,0,0,yaz,239
Aliağa,0.9,1,1,kış,74
Konak,0.8,1,1,kış,104
Karşıyaka,0.6,0,0,kış,153
Konak,0.8,1,1,bahar,60
Aliağa,0.9,1,1,bahar,83
Karşıyaka,0.6,0,0,bahar,123
Tire,0.4,0,0,bahar,176
Konak,0.8,1,1,yaz,80
Çeşme,0.5,0,1,yaz,126
Tire,0.4,0,0,yaz,245
Bornova,0.7,1,0,kış,114
Konak,0.8,1,1,yaz,79
Karşıyaka,0.6,0,0,yaz,148
Tire,0.4,0,0,yaz,253
Karşıyaka,0.6,0,0,kış,126
Konak,0.8,1,1,yaz,85
Karşıyaka,0.6,0,0,yaz,159
Konak,0.8,1,1,bahar,68
Aliağa,0.9,1,1,bahar,92
Karşıyaka,0.6,0,0,bahar,120
Tire,0.4,0,0,bahar,173
Aliağa,0.9,1,1,bahar,66
Bornova,0.7,1,0,bahar,141
Karşıyaka,0.6,0,0,bahar,155
Aliağa,0.9,1,1,sonbahar,76
Konak,0.8,1,1,sonbahar,108
Bornova,0.7,1,0,sonbahar,149
Karşıyaka,0.6,0,0,sonbahar,174
Aliağa,0.9,1,1,sonbahar,104
Bornova,0.7,1,0,sonbahar,159
Karşıyaka,0.6,0,0,sonbahar,181
Aliağa,0.9,1,1,sonbahar,103
Konak,0.8,1,1,sonbahar,130
Bornova,0.7,1,0,sonbahar,162
Çeşme,0.5,0,1,sonbahar,169
Konak,0.8,1,1,bahar,63
Bornova,0.7,1,0,bahar,115
Tire,0.4,0,0,bahar,186
Aliağa,0.9,1,1,sonbahar,74
Çeşme,0.5,0,1,sonbahar,104
Karşıyaka,0.6,0,0,sonbahar,127
Tire,0.4,0,0,sonbahar,204
Konak,0.8,1,1,kış,76
Bornova,0.7,1,0,kış,106
Aliağa,0.9,1,1,yaz,151
Karşıyaka,0.6,0,0,yaz,194
Çeşme,0.5,0,1,yaz,194
Konak,0.8,1,1,bahar,86
Aliağa,0.9,1,1,bahar,109
Çeşme,0.5,0,1,bahar,145
Konak,0.8,1,1,yaz,75
Bornova,0.7,1,0,yaz,169
Karşıyaka,0.6,0,0,yaz,182
Çeşme,0.5,0,1,yaz,205
Bornova,0.7,1,0,kış,137
Konak,0.8,1,1,sonbahar,63
Tire,0.4,0,0,sonbahar,199
Çeşme,0.5,0,1,yaz,131
Karşıyaka,0.6,0,0,yaz,156
Aliağa,0.9,1,1,yaz,86
Bornova,0.7,1,0,yaz,151
Tire,0.4,0,0,yaz,251
Aliağa,0.9,1,1,sonbahar,62
Çeşme,0.5,0,1,sonbahar,116
Karşıyaka,0.6,0,0,sonbahar,112
Tire,0.4,0,0,sonbahar,215
Karşıyaka,0.6,0,0,yaz,163
Tire,0.4,0,0,yaz,235
Aliağa,0.9,1,1,sonbahar,65
Çeşme,0.5,0,1,sonbahar,107
Bornova,0.7,1,0,sonbahar,126
Tire,0.4,0,0,sonbahar,212
Konak,0.8,1,1,kış,108
Bornova,0.7,1,0,kış,148
Tire,0.4,0,0,kış,212
Bornova,0.7,1,0,yaz,110
Tire,0.4,0,0,yaz,240
Karşıyaka,0.6,0,0,sonbahar,118
Tire,0.4,0,0,sonbahar,211
Aliağa,0.9,1,1,sonbahar,77
Konak,0.8,1,1,sonbahar,110
Karşıyaka,0.6,0,0,sonbahar,182
Çeşme,0.5,0,1,sonbahar,108
Bornova,0.7,1,0,sonbahar,129
Aliağa,0.9,1,1,bahar,91
Aliağa,0.9,1,1,sonbahar,78
Çeşme,0.5,0,1,sonbahar,112
Bornova,0.7,1,0,sonbahar,124
Konak,0.8,1,1,bahar,64
Bornova,0.7,1,0,bahar,110
Tire,0.4,0,0,bahar,196
Konak,0.8,1,1,kış,111
Aliağa,0.9,1,1,kış,146
Karşıyaka,0.6,0,0,kış,180
Çeşme,0.5,0,1,kış,191
Konak,0.8,1,1,bahar,71
Aliağa,0.9,1,1,bahar,89
Bornova,0.7,1,0,bahar,130
Tire,0.4,0,0,bahar,184
Çeşme,0.5,0,1,bahar,108
Karşıyaka,0.6,0,0,bahar,100
Tire,0.4,0,0,bahar,198
Konak,0.8,1,1,sonbahar,97
Aliağa,0.9,1,1,sonbahar,126
Karşıyaka,0.6,0,0,sonbahar,162
Çeşme,0.5,0,1,sonbahar,170
Çeşme,0.5,0,1,bahar,105
Karşıyaka,0.6,0,0,bahar,116
Konak,0.8,1,1,bahar,67
Karşıyaka,0.6,0,0,bahar,125
Tire,0.4,0,0,bahar,177
Konak,0.8,1,1,sonbahar,96
Bornova,0.7,1,0,kış,111
Karşıyaka,0.6,0,0,kış,108
Çeşme,0.5,0,1,kış,152
Konak,0.8,1,1,yaz,120
Aliağa,0.9,1,1,yaz,104
Aliağa,0.9,1,1,yaz,120
Karşıyaka,0.6,0,0,yaz,152
Tire,0.4,0,0,yaz,228
Bornova,0.7,1,0,kış,103
Karşıyaka,0.6,0,0,kış,113
Çeşme,0.5,0,1,kış,154
Tire,0.4,0,0,kış,222
Aliağa,0.9,1,1,kış,83
Bornova,0.7,1,0,kış,147
Karşıyaka,0.6,0,0,kış,166
Çeşme,0.5,0,1,kış,193
Bornova,0.7,1,0,bahar,83
Karşıyaka,0.6,0,0,bahar,83
Çeşme,0.5,0,1,bahar,120
Bornova,0.7,1,0,kış,142
Karşıyaka,0.6,0,0,kış,178
Çeşme,0.5,0,1,kış,196
Konak,0.8,1,1,bahar,57
Tire,0.4,0,0,bahar,194
Bornova,0.7,1,0,bahar,95
Karşıyaka,0.6,0,0,bahar,88
Çeşme,0.5,0,1,bahar,128
Tire,0.4,0,0,bahar,181
Konak,0.8,1,1,yaz,78
Tire,0.4,0,0,yaz,244
Konak,0.8,1,1,kış,71
Çeşme,0.5,0,1,kış,126
Bornova,0.7,1,0,kış,139
Tire,0.4,0,0,kış,223
Aliağa,0.9,1,1,kış,102
Tire,0.4,0,0,kış,217
Çeşme,0.5,0,1,yaz,130
Karşıyaka,0.6,0,0,yaz,137
Konak,0.8,1,1,yaz,81
Aliağa,0.9,1,1,yaz,114
Bornova,0.7,1,0,yaz,163
Tire,0.4,0,0,yaz,230
Konak,0.8,1,1,kış,83
Karşıyaka,0.6,0,0,kış,150
Konak,0.8,1,1,bahar,65
Aliağa,0.9,1,1,bahar,80
Bornova,0.7,1,0,bahar,126
Tire,0.4,0,0,bahar,179
Konak,0.8,1,1,sonbahar,99
Bornova,0.7,1,0,sonbahar,161
Konak,0.8,1,1,sonbahar,101
Aliağa,0.9,1,1,sonbahar,124
Karşıyaka,0.6,0,0,sonbahar,160
Çeşme,0.5,0,1,sonbahar,174
Konak,0.8,1,1,kış,103
Tire,0.4,0,0,kış,208
Konak,0.8,1,1,sonbahar,71
Aliağa,0.9,1,1,sonbahar,86
Çeşme,0.5,0,1,kış,144
Çeşme,0.5,0,1,sonbahar,111
Karşıyaka,0.6,0,0,sonbahar,124
Aliağa,0.9,1,1,kış,85
Bornova,0.7,1,0,kış,146
Karşıyaka,0.6,0,0,kış,175
Çeşme,0.5,0,1,kış,184
Konak,0.8,1,1,yaz,89
Bornova,0.7,1,0,yaz,161
Karşıyaka,0.6,0,0,yaz,185
Çeşme,0.5,0,1,yaz,213
Aliağa,0.9,1,1,kış,71
Bornova,0.7,1,0,yaz,109
Karşıyaka,0.6,0,0,yaz,151
Tire,0.4,0,0,yaz,229
Konak,0.8,1,1,sonbahar,90
Çeşme,0.5,0,1,sonbahar,127
Çeşme,0.5,0,1,kış,112
Bornova,0.7,1,0,kış,124
Tire,0.4,0,0,kış,232
Konak,0.8,1,1,bahar,56
Aliağa,0.9,1,1,bahar,69
Çeşme,0.5,0,1,bahar,107
Karşıyaka,0.6,0,0,bahar,117
Tire,0.4,0,0,bahar,191
Bornova,0.7,1,0,yaz,123
Karşıyaka,0.6,0,0,yaz,113
Çeşme,0.5,0,1,yaz,168
Aliağa,0.9,1,1,yaz,87
Konak,0.8,1,1,yaz,118
Karşıyaka,0.6,0,0,yaz,162
Aliağa,0.9,1,1,bahar,61
Çeşme,0.5,0,1,bahar,92
Bornova,0.7,1,0,bahar,104
Bornova,0.7,1,0,sonbahar,96
Karşıyaka,0.6,0,0,sonbahar,102
Çeşme,0.5,0,1,sonbahar,134
Karşıyaka,0.6,0,0,kış,148
Tire,0.4,0,0,kış,219
Konak,0.8,1,1,kış,75
Çeşme,0.5,0,1,kış,123
Bornova,0.7,1,0,kış,126
Tire,0.4,0,0,kış,236
Karşıyaka,0.6,0,0,sonbahar,94
Çeşme,0.5,0,1,sonbahar,143
Konak,0.8,1,1,kış,67
Bornova,0.7,1,0,kış,149
Karşıyaka,0.6,0,0,kış,171
Çeşme,0.5,0,1,kış,186
Aliağa,0.9,1,1,bahar,85
Konak,0.8,1,1,bahar,109
Karşıyaka,0.6,0,0,bahar,156
Karşıyaka,0.6,0,0,bahar,143
Çeşme,0.5,0,1,bahar,167
Bornova,0.7,1,0,yaz,113
Karşıyaka,0.6,0,0,yaz,115
Çeşme,0.5,0,1,yaz,157
Bornova,0.7,1,0,bahar,93
Tire,0.4,0,0,bahar,175
Konak,0.8,1,1,sonbahar,70
Çeşme,0.5,0,1,sonbahar,101
Aliağa,0.9,1,1,kış,82
Konak,0.8,1,1,kış,102
Tire,0.4,0,0,kış,214
Bornova,0.7,1,0,bahar,84
Karşıyaka,0.6,0,0,bahar,118
Konak,0.8,1,1,kış,136
Karşıyaka,0.6,0,0,kış,186
Aliağa,0.9,1,1,bahar,72
Çeşme,0.5,0,1,bahar,102
Karşıyaka,0.6,0,0,bahar,109
Konak,0.8,1,1,kış,141
Çeşme,0.5,0,1,kış,194
Konak,0.8,1,1,kış,85
Bornova,0.7,1,0,kış,96
Karşıyaka,0.6,0,0,kış,138
Konak,0.8,1,1,kış,82
Aliağa,0.9,1,1,kış,118
Bornova,0.7,1,0,kış,174
Karşıyaka,0.6,0,0,kış,190
Konak,0.8,1,1,bahar,87
Karşıyaka,0.6,0,0,bahar,131
Tire,0.4,0,0,bahar,172
Çeşme,0.5,0,1,bahar,121
Aliağa,0.9,1,1,bahar,94
Çeşme,0.5,0,1,bahar,119
Bornova,0.7,1,0,yaz,149
Konak,0.8,1,1,sonbahar,68
Çeşme,0.5,0,1,sonbahar,103
Aliağa,0.9,1,1,bahar,98
Bornova,0.7,1,0,bahar,139
Karşıyaka,0.6,0,0,bahar,167
Aliağa,0.9,1,1,yaz,80
Bornova,0.7,1,0,yaz,152
Karşıyaka,0.6,0,0,yaz,188
Çeşme,0.5,0,1,yaz,196
Konak,0.8,1,1,kış,81
Aliağa,0.9,1,1,kış,107
Bornova,0.7,1,0,bahar,124
Çeşme,0.5,0,1,bahar,163
Karşıyaka,0.6,0,0,kış,142
Aliağa,0.9,1,1,bahar,56
Çeşme,0.5,0,1,bahar,89
Tire,0.4,0,0,bahar,192
Çeşme,0.5,0,1,kış,122
Karşıyaka,0.6,0,0,kış,139
Bornova,0.7,1,0,bahar,89
Karşıyaka,0.6,0,0,bahar,119
Çeşme,0.5,0,1,bahar,94
Konak,0.8,1,1,sonbahar,77
Çeşme,0.5,0,1,sonbahar,99
Tire,0.4,0,0,sonbahar,209
Karşıyaka,0.6,0,0,bahar,130
Çeşme,0.5,0,1,bahar,159
Konak,0.8,1,1,yaz,83
Bornova,0.7,1,0,yaz,158
Tire,0.4,0,0,kış,229
Aliağa,0.9,1,1,sonbahar,91
Karşıyaka,0.6,0,0,sonbahar,129
Tire,0.4,0,0,sonbahar,196
Bornova,0.7,1,0,kış,152
Çeşme,0.5,0,1,kış,188
Bornova,0.7,1,0,bahar,82
Karşıyaka,0.6,0,0,bahar,86
Çeşme,0.5,0,1,bahar,115
Tire,0.4,0,0,bahar,178
Aliağa,0.9,1,1,bahar,59
Bornova,0.7,1,0,bahar,106
Tire,0.4,0,0,bahar,187
Konak,0.8,1,1,sonbahar,66
Bornova,0.7,1,0,sonbahar,123
Konak,0.8,1,1,yaz,114
Aliağa,0.9,1,1,yaz,121
Çeşme,0.5,0,1,yaz,161
Aliağa,0.9,1,1,sonbahar,73
Konak,0.8,1,1,sonbahar,103
Bornova,0.7,1,0,sonbahar,157
Karşıyaka,0.6,0,0,sonbahar,173
Aliağa,0.9,1,1,sonbahar,101
Bornova,0.7,1,0,kış,115
Tire,0.4,0,0,kış,210
Bornova,0.7,1,0,bahar,116
Aliağa,0.9,1,1,bahar,55
Aliağa,0.9,1,1,bahar,88
Karşıyaka,0.6,0,0,bahar,121
Karşıyaka,0.6,0,0,sonbahar,158
Çeşme,0.5,0,1,sonbahar,181
Konak,0.8,1,1,yaz,112
Aliağa,0.9,1,1,yaz,157
Bornova,0.7,1,0,yaz,194
Çeşme,0.5,0,1,yaz,201
Bornova,0.7,1,0,bahar,118
Karşıyaka,0.6,0,0,bahar,147
Karşıyaka,0.6,0,0,yaz,164
Aliağa,0.9,1,1,kış,79
Konak,0.8,1,1,kış,118
Bornova,0.7,1,0,kış,178
Karşıyaka,0.6,0,0,kış,198
Aliağa,0.9,1,1,yaz,116
Konak,0.8,1,1,yaz,121
Çeşme,0.5,0,1,yaz,159
Karşıyaka,0.6,0,0,yaz,193
Çeşme,0.5,0,1,yaz,202
Aliağa,0.9,1,1,bahar,86
Bornova,0.7,1,0,sonbahar,91
Karşıyaka,0.6,0,0,sonbahar,139
Tire,0.4,0,0,sonbahar,197
Çeşme,0.5,0,1,kış,124
Karşıyaka,0.6,0,0,kış,127
Tire,0.4,0,0,kış,224
Bornova,0.7,1,0,bahar,88
Tire,0.4,0,0,bahar,170
Bornova,0.7,1,0,yaz,187
Karşıyaka,0.6,0,0,yaz,198
Aliağa,0.9,1,1,bahar,90
Konak,0.8,1,1,bahar,119
Bornova,0.7,1,0,bahar,153
Bornova,0.7,1,0,sonbahar,116
Çeşme,0.5,0,1,bahar,98
Karşıyaka,0.6,0,0,bahar,113
Tire,0.4,0,0,bahar,193
Aliağa,0.9,1,1,yaz,109
Konak,0.8,1,1,yaz,109
Konak,0.8,1,1,yaz,159
Bornova,0.7,1,0,yaz,190
Konak,0.8,1,1,sonbahar,72
Karşıyaka,0.6,0,0,sonbahar,128
Karşıyaka,0.6,0,0,kış,136
Konak,0.8,1,1,sonbahar,60
Bornova,0.7,1,0,sonbahar,93
Karşıyaka,0.6,0,0,sonbahar,132
Konak,0.8,1,1,bahar,111
Çeşme,0.5,0,1,bahar,149
Bornova,0.7,1,0,kış,150
Çeşme,0.5,0,1,kış,197
Konak,0.8,1,1,bahar,93
Aliağa,0.9,1,1,bahar,110
Çeşme,0.5,0,1,bahar,152
Konak,0.8,1,1,bahar,85
Aliağa,0.9,1,1,bahar,114
Bornova,0.7,1,0,bahar,144
Bornova,0.7,1,0,sonbahar,125
Tire,0.4,0,0,sonbahar,213
Çeşme,0.5,0,1,sonbahar,102
Bornova,0.7,1,0,sonbahar,121
Tire,0.4,0,0,sonbahar,200
Tire,0.4,0,0,sonbahar,201
Bornova,0.7,1,0,sonbahar,120
Konak,0.8,1,1,sonbahar,102
Aliağa,0.9,1,1,sonbahar,123
Karşıyaka,0.6,0,0,sonbahar,159
Aliağa,0.9,1,1,kış,124
Bornova,0.7,1,0,kış,171
Karşıyaka,0.6,0,0,kış,191
Bornova,0.7,1,0,kış,110
Karşıyaka,0.6,0,0,bahar,122
Aliağa,0.9,1,1,yaz,82
Karşıyaka,0.6,0,0,yaz,191
Çeşme,0.5,0,1,yaz,206
Çeşme,0.5,0,1,bahar,101
Karşıyaka,0.6,0,0,bahar,112
Konak,0.8,1,1,sonbahar,73
Aliağa,0.9,1,1,sonbahar,96
Bornova,0.7,1,0,sonbahar,132
Aliağa,0.9,1,1,yaz,88
Konak,0.8,1,1,yaz,126
Bornova,0.7,1,0,yaz,178
Karşıyaka,0.6,0,0,yaz,211
Konak,0.8,1,1,bahar,70
Bornova,0.7,1,0,bahar,129
Tire,0.4,0,0,bahar,174
Aliağa,0.9,1,1,bahar,121
Karşıyaka,0.6,0,0,bahar,149
Aliağa,0.9,1,1,sonbahar,92
Çeşme,0.5,0,1,sonbahar,125
Aliağa,0.9,1,1,bahar,52
Bornova,0.7,1,0,bahar,94
Tire,0.4,0,0,bahar,185
Çeşme,0.5,0,1,kış,128
Tire,0.4,0,0,kış,235
Karşıyaka,0.6,0,0,bahar,140
Çeşme,0.5,0,1,bahar,157
Aliağa,0.9,1,1,yaz,92
Karşıyaka,0.6,0,0,yaz,143
Aliağa,0.9,1,1,yaz,75
Çeşme,0.5,0,1,yaz,124
Bornova,0.7,1,0,yaz,155
Bornova,0.7,1,0,kış,99
Karşıyaka,0.6,0,0,kış,104
Çeşme,0.5,0,1,kış,145
Aliağa,0.9,1,1,kış,105
Karşıyaka,0.6,0,0,kış,152
Tire,0.4,0,0,kış,207
Karşıyaka,0.6,0,0,bahar,133
Çeşme,0.5,0,1,bahar,161
Aliağa,0.9,1,1,sonbahar,125
Çeşme,0.5,0,1,sonbahar,176
Aliağa,0.9,1,1,bahar,84
Tire,0.4,0,0,bahar,169
Konak,0.8,1,1,yaz,123
Aliağa,0.9,1,1,yaz,156
Karşıyaka,0.6,0,0,yaz,200
Bornova,0.7,1,0,kış,101
Bornova,0.7,1,0,yaz,146
Tire,0.4,0,0,yaz,254
Çeşme,0.5,0,1,kış,120
Konak,0.8,1,1,sonbahar,58
Bornova,0.7,1,0,sonbahar,131
Karşıyaka,0.6,0,0,sonbahar,153
Çeşme,0.5,0,1,sonbahar,177
Aliağa,0.9,1,1,sonbahar,70
Çeşme,0.5,0,1,kış,116
Bornova,0.7,1,0,sonbahar,98
Karşıyaka,0.6,0,0,sonbahar,133
Aliağa,0.9,1,1,kış,72
Karşıyaka,0.6,0,0,yaz,187
Çeşme,0.5,0,1,yaz,203
Aliağa,0.9,1,1,yaz,91
Karşıyaka,0.6,0,0,kış,100
Çeşme,0.5,0,1,kış,146
Bornova,0.7,1,0,bahar,125
Karşıyaka,0.6,0,0,bahar,148
Aliağa,0.9,1,1,kış,70
Karşıyaka,0.6,0,0,kış,177
Çeşme,0.5,0,1,kış,185
Tire,0.4,0,0,sonbahar,189
Çeşme,0.5,0,1,kış,118
Karşıyaka,0.6,0,0,kış,135
Karşıyaka,0.6,0,0,sonbahar,120
Çeşme,0.5,0,1,bahar,104
Aliağa,0.9,1,1,yaz,84
Aliağa,0.9,1,1,sonbahar,68
Bornova,0.7,1,0,sonbahar,122
Aliağa,0.9,1,1,sonbahar,93
Konak,0.8,1,1,sonbahar,122
Karşıyaka,0.6,0,0,sonbahar,152
Çeşme,0.5,0,1,sonbahar,167
Bornova,0.7,1,0,yaz,160
Karşıyaka,0.6,0,0,yaz,184
Çeşme,0.5,0,1,yaz,204
Konak,0.8,1,1,sonbahar,75
Bornova,0.7,1,0,sonbahar,150
Karşıyaka,0.6,0,0,sonbahar,177
Aliağa,0.9,1,1,bahar,118
Karşıyaka,0.6,0,0,bahar,115
Konak,0.8,1,1,kış,72
Bornova,0.7,1,0,kış,113
Aliağa,0.9,1,1,kış,99
Bornova,0.7,1,0,kış,155
Çeşme,0.5,0,1,kış,125
Karşıyaka,0.6,0,0,kış,146
Bornova,0.7,1,0,yaz,165
Aliağa,0.9,1,1,yaz,144
Bornova,0.7,1,0,yaz,196
Çeşme,0.5,0,1,yaz,200
Aliağa,0.9,1,1,sonbahar,60
Bornova,0.7,1,0,bahar,90
Konak,0.8,1,1,sonbahar,67
Bornova,0.7,1,0,sonbahar,163
Karşıyaka,0.6,0,0,sonbahar,164
Aliağa,0.9,1,1,kış,104
Konak,0.8,1,1,kış,106
Aliağa,0.9,1,1,kış,108
Konak,0.8,1,1,yaz,116
Bornova,0.7,1,0,yaz,156
Karşıyaka,0.6,0,0,sonbahar,131
Konak,0.8,1,1,yaz,91
Çeşme,0.5,0,1,yaz,129
Karşıyaka,0.6,0,0,yaz,147
Tire,0.4,0,0,yaz,249
Bornova,0.7,1,0,kış,141
Tire,0.4,0,0,kış,230
Karşıyaka,0.6,0,0,yaz,154
Tire,0.4,0,0,yaz,232
Çeşme,0.5,0,1,kış,139
Aliağa,0.9,1,1,yaz,113
Tire,0.4,0,0,yaz,238
Karşıyaka,0.6,0,0,sonbahar,135
Aliağa,0.9,1,1,sonbahar,72
Çeşme,0.5,0,1,sonbahar,113
Bornova,0.7,1,0,sonbahar,115
Aliağa,0.9,1,1,kış,75
Karşıyaka,0.6,0,0,kış,133
Konak,0.8,1,1,bahar,116
Bornova,0.7,1,0,bahar,142
Aliağa,0.9,1,1,kış,115
Aliağa,0.9,1,1,bahar,112
Bornova,0.7,1,0,sonbahar,103
Tire,0.4,0,0,kış,216
Aliağa,0.9,1,1,bahar,67
Bornova,0.7,1,0,bahar,103
Karşıyaka,0.6,0,0,kış,143
Bornova,0.7,1,0,bahar,119
Konak,0.8,1,1,sonbahar,93
Aliağa,0.9,1,1,sonbahar,128
Çeşme,0.5,0,1,sonbahar,171
Karşıyaka,0.6,0,0,bahar,132
Konak,0.8,1,1,kış,110
Aliağa,0.9,1,1,kış,139
Bornova,0.7,1,0,kış,175
Çeşme,0.5,0,1,kış,187
Çeşme,0.5,0,1,kış,198
Aliağa,0.9,1,1,kış,110
Konak,0.8,1,1,kış,140
Konak,0.8,1,1,kış,122
Karşıyaka,0.6,0,0,kış,195
Konak,0.8,1,1,sonbahar,61
Bornova,0.7,1,0,sonbahar,143
Tire,0.4,0,0,sonbahar,185
Karşıyaka,0.6,0,0,bahar,136
Çeşme,0.5,0,1,bahar,168
Aliağa,0.9,1,1,sonbahar,130
Karşıyaka,0.6,0,0,sonbahar,157
Çeşme,0.5,0,1,sonbahar,173
Aliağa,0.9,1,1,sonbahar,99
Tire,0.4,0,0,sonbahar,202
Bornova,0.7,1,0,yaz,164
Karşıyaka,0.6,0,0,yaz,183
Karşıyaka,0.6,0,0,kış,164
Çeşme,0.5,0,1,kış,195
Bornova,0.7,1,0,sonbahar,102
Aliağa,0.9,1,1,yaz,149
Karşıyaka,0.6,0,0,yaz,197
Çeşme,0.5,0,1,sonbahar,183
Çeşme,0.5,0,1,yaz,211
Aliağa,0.9,1,1,bahar,53
Bornova,0.7,1,0,yaz,144
Çeşme,0.5,0,1,kış,127
Karşıyaka,0.6,0,0,kış,128
Aliağa,0.9,1,1,kış,138
Karşıyaka,0.6,0,0,kış,187
Çeşme,0.5,0,1,kış,179
Konak,0.8,1,1,sonbahar,89
Bornova,0.7,1,0,kış,172
Çeşme,0.5,0,1,kış,176
Aliağa,0.9,1,1,bahar,70
Çeşme,0.5,0,1,yaz,210
Bornova,0.7,1,0,sonbahar,133
Çeşme,0.5,0,1,yaz,135
Aliağa,0.9,1,1,sonbahar,66
Aliağa,0.9,1,1,kış,106
Karşıyaka,0.6,0,0,sonbahar,154
Bornova,0.7,1,0,kış,138
Karşıyaka,0.6,0,0,kış,140
Bornova,0.7,1,0,kış,140
Karşıyaka,0.6,0,0,kış,169
Bornova,0.7,1,0,sonbahar,148
Karşıyaka,0.6,0,0,sonbahar,175
Aliağa,0.9,1,1,bahar,93
Bornova,0.7,1,0,bahar,136
Karşıyaka,0.6,0,0,bahar,163
Bornova,0.7,1,0,sonbahar,138
Bornova,0.7,1,0,sonbahar,127
Bornova,0.7,1,0,yaz,111
Karşıyaka,0.6,0,0,yaz,121
Tire,0.4,0,0,yaz,236
Bornova,0.7,1,0,bahar,87
Konak,0.8,1,1,yaz,148
Karşıyaka,0.6,0,0,yaz,201
Çeşme,0.5,0,1,yaz,197
Konak,0.8,1,1,yaz,72
Bornova,0.7,1,0,sonbahar,118
Aliağa,0.9,1,1,bahar,68
Bornova,0.7,1,0,bahar,127
Karşıyaka,0.6,0,0,kış,141
Tire,0.4,0,0,kış,234
Aliağa,0.9,1,1,yaz,132
Karşıyaka,0.6,0,0,kış,156
Aliağa,0.9,1,1,yaz,134
Bornova,0.7,1,0,yaz,184
Karşıyaka,0.6,0,0,yaz,212
Çeşme,0.5,0,1,sonbahar,178
Bornova,0.7,1,0,sonbahar,140
Bornova,0.7,1,0,yaz,192
Karşıyaka,0.6,0,0,yaz,214
Bornova,0.7,1,0,sonbahar,134
Karşıyaka,0.6,0,0,sonbahar,149
Çeşme,0.5,0,1,yaz,132
Çeşme,0.5,0,1,sonbahar,117
Bornova,0.7,1,0,sonbahar,136
Çeşme,0.5,0,1,sonbahar,168
Karşıyaka,0.6,0,0,bahar,111
Karşıyaka,0.6,0,0,bahar,144
Bornova,0.7,1,0,sonbahar,128
Bornova,0.7,1,0,sonbahar,90
Bornova,0.7,1,0,kış,109
Tire,0.4,0,0,kış,221
Aliağa,0.9,1,1,yaz,79
Karşıyaka,0.6,0,0,yaz,166
Bornova,0.7,1,0,kış,132
Aliağa,0.9,1,1,yaz,90
Bornova,0.7,1,0,yaz,170
Aliağa,0.9,1,1,sonbahar,114
Karşıyaka,0.6,0,0,yaz,123
Aliağa,0.9,1,1,yaz,145
Karşıyaka,0.6,0,0,yaz,146
Konak,0.8,1,1,yaz,84
Bornova,0.7,1,0,yaz,153
Konak,0.8,1,1,bahar,91
Aliağa,0.9,1,1,bahar,113
Bornova,0.7,1,0,bahar,151
Çeşme,0.5,0,1,bahar,144
Aliağa,0.9,1,1,yaz,77
Bornova,0.7,1,0,yaz,107
Karşıyaka,0.6,0,0,yaz,116
Çeşme,0.5,0,1,yaz,152
Tire,0.4,0,0,yaz,226
Aliağa,0.9,1,1,bahar,79
Karşıyaka,0.6,0,0,yaz,157
Tire,0.4,0,0,yaz,225
Bornova,0.7,1,0,kış,154
Konak,0.8,1,1,bahar,88
Karşıyaka,0.6,0,0,bahar,141
Çeşme,0.5,0,1,bahar,147
Çeşme,0.5,0,1,yaz,128
Karşıyaka,0.6,0,0,yaz,145
Karşıyaka,0.6,0,0,bahar,104
Aliağa,0.9,1,1,yaz,119
Konak,0.8,1,1,yaz,154
Aliağa,0.9,1,1,sonbahar,94
Çeşme,0.5,0,1,sonbahar,140
Tire,0.4,0,0,sonbahar,188
Aliağa,0.9,1,1,bahar,87
Karşıyaka,0.6,0,0,bahar,129
Bornova,0.7,1,0,sonbahar,119
Konak,0.8,1,1,kış,139
Çeşme,0.5,0,1,kış,177
Konak,0.8,1,1,sonbahar,92
Konak,0.8,1,1,bahar,81
Aliağa,0.9,1,1,yaz,85
Konak,0.8,1,1,yaz,124
Konak,0.8,1,1,yaz,150
Karşıyaka,0.6,0,0,yaz,186
Konak,0.8,1,1,bahar,62
Bornova,0.7,1,0,kış,136
Bornova,0.7,1,0,kış,151
Karşıyaka,0.6,0,0,yaz,167
Aliağa,0.9,1,1,yaz,110
Tire,0.4,0,0,yaz,224
Çeşme,0.5,0,1,sonbahar,110
Tire,0.4,0,0,sonbahar,214
Aliağa,0.9,1,1,kış,112
Tire,0.4,0,0,kış,228
Karşıyaka,0.6,0,0,sonbahar,119
Bornova,0.7,1,0,kış,95
Çeşme,0.5,0,1,kış,147
Bornova,0.7,1,0,yaz,120
Tire,0.4,0,0,yaz,227
Karşıyaka,0.6,0,0,sonbahar,172
Tire,0.4,0,0,sonbahar,192
Konak,0.8,1,1,yaz,76
Tire,0.4,0,0,yaz,248
Aliağa,0.9,1,1,kış,86
Karşıyaka,0.6,0,0,kış,170
Çeşme,0.5,0,1,kış,200
Aliağa,0.9,1,1,yaz,117
Bornova,0.7,1,0,yaz,188
Çeşme,0.5,0,1,yaz,192
Konak,0.8,1,1,sonbahar,64
Konak,0.8,1,1,bahar,84
Aliağa,0.9,1,1,bahar,116
Çeşme,0.5,0,1,bahar,155
Aliağa,0.9,1,1,sonbahar,88
Karşıyaka,0.6,0,0,sonbahar,137
Tire,0.4,0,0,sonbahar,193
Aliağa,0.9,1,1,sonbahar,105
Konak,0.8,1,1,sonbahar,125
Bornova,0.7,1,0,sonbahar,168
Aliağa,0.9,1,1,sonbahar,135
Karşıyaka,0.6,0,0,sonbahar,166
Karşıyaka,0.6,0,0,yaz,142
Karşıyaka,0.6,0,0,kış,176
Aliağa,0.9,1,1,sonbahar,64
Karşıyaka,0.6,0,0,sonbahar,123
Aliağa,0.9,1,1,kış,114
Karşıyaka,0.6,0,0,kış,155
Çeşme,0.5,0,1,sonbahar,136
Konak,0.8,1,1,bahar,90
Aliağa,0.9,1,1,bahar,117
Aliağa,0.9,1,1,sonbahar,119
Bornova,0.7,1,0,bahar,79
Karşıyaka,0.6,0,0,bahar,93
Çeşme,0.5,0,1,bahar,125
Bornova,0.7,1,0,kış,156
Çeşme,0.5,0,1,bahar,150
Aliağa,0.9,1,1,bahar,111
Çeşme,0.5,0,1,bahar,154
Bornova,0.7,1,0,kış,158
Çeşme,0.5,0,1,kış,189
Bornova,0.7,1,0,yaz,116
Karşıyaka,0.6,0,0,yaz,119
Çeşme,0.5,0,1,yaz,166
Konak,0.8,1,1,bahar,78
Çeşme,0.5,0,1,yaz,163
Aliağa,0.9,1,1,bahar,65
Bornova,0.7,1,0,bahar,114
Karşıyaka,0.6,0,0,yaz,139
Çeşme,0.5,0,1,sonbahar,105
Bornova,0.7,1,0,bahar,91
Konak,0.8,1,1,kış,98
Bornova,0.7,1,0,kış,143
Konak,0.8,1,1,yaz,111
Aliağa,0.9,1,1,yaz,154
Tire,0.4,0,0,bahar,189
Bornova,0.7,1,0,bahar,147
Aliağa,0.9,1,1,bahar,123
Konak,0.8,1,1,kış,69
Bornova,0.7,1,0,kış,100
Konak,0.8,1,1,yaz,135
Bornova,0.7,1,0,yaz,189
Karşıyaka,0.6,0,0,yaz,205
Karşıyaka,0.6,0,0,yaz,177
Çeşme,0.5,0,1,yaz,212
Konak,0.8,1,1,yaz,82
Bornova,0.7,1,0,yaz,148
Tire,0.4,0,0,kış,213
Bornova,0.7,1,0,yaz,105
Karşıyaka,0.6,0,0,yaz,112
Konak,0.8,1,1,bahar,89
Çeşme,0.5,0,1,bahar,116
Bornova,0.7,1,0,bahar,78
Tire,0.4,0,0,sonbahar,190
Bornova,0.7,1,0,yaz,141
Tire,0.4,0,0,sonbahar,187
Çeşme,0.5,0,1,yaz,136
Aliağa,0.9,1,1,kış,77
Karşıyaka,0.6,0,0,kış,106
Aliağa,0.9,1,1,yaz,126
Bornova,0.7,1,0,yaz,179
Karşıyaka,0.6,0,0,yaz,199
Konak,0.8,1,1,kış,74
Konak,0.8,1,1,yaz,107
Karşıyaka,0.6,0,0,kış,147
Aliağa,0.9,1,1,kış,96
Çeşme,0.5,0,1,kış,143
Konak,0.8,1,1,bahar,101
Karşıyaka,0.6,0,0,bahar,160
Karşıyaka,0.6,0,0,sonbahar,142
Konak,0.8,1,1,bahar,110
Çeşme,0.5,0,1,bahar,148
Aliağa,0.9,1,1,kış,68
Çeşme,0.5,0,1,kış,111
Aliağa,0.9,1,1,yaz,115
Bornova,0.7,1,0,yaz,150
Bornova,0.7,1,0,kış,107
Çeşme,0.5,0,1,kış,153
Bornova,0.7,1,0,bahar,122
Bornova,0.7,1,0,bahar,133
Karşıyaka,0.6,0,0,bahar,158
Konak,0.8,1,1,sonbahar,129
Bornova,0.7,1,0,sonbahar,152
Çeşme,0.5,0,1,sonbahar,163
Bornova,0.7,1,0,bahar,111
Çeşme,0.5,0,1,yaz,127
Tire,0.4,0,0,yaz,242
Aliağa,0.9,1,1,yaz,131
Bornova,0.7,1,0,yaz,182
Karşıyaka,0.6,0,0,yaz,207
Çeşme,0.5,0,1,kış,148
Aliağa,0.9,1,1,bahar,54
Bornova,0.7,1,0,bahar,149
Çeşme,0.5,0,1,yaz,134
Bornova,0.7,1,0,yaz,145
Bornova,0.7,1,0,sonbahar,114
Konak,0.8,1,1,kış,109
Aliağa,0.9,1,1,kış,136
Bornova,0.7,1,0,kış,177
Konak,0.8,1,1,sonbahar,100
Çeşme,0.5,0,1,sonbahar,131
Karşıyaka,0.6,0,0,bahar,154
Bornova,0.7,1,0,kış,134
Çeşme,0.5,0,1,yaz,123
Tire,0.4,0,0,kış,203
Konak,0.8,1,1,yaz,130
Bornova,0.7,1,0,yaz,186
Karşıyaka,0.6,0,0,yaz,213
Karşıyaka,0.6,0,0,yaz,190
Çeşme,0.5,0,1,yaz,216
Konak,0.8,1,1,kış,120
Aliağa,0.9,1,1,bahar,57
Konak,0.8,1,1,kış,132
Bornova,0.7,1,0,kış,181
Aliağa,0.9,1,1,sonbahar,131
Karşıyaka,0.6,0,0,yaz,203
Aliağa,0.9,1,1,sonbahar,127
Bornova,0.7,1,0,sonbahar,158
Çeşme,0.5,0,1,sonbahar,165
Karşıyaka,0.6,0,0,sonbahar,97
Çeşme,0.5,0,1,sonbahar,128
Bornova,0.7,1,0,yaz,108
Karşıyaka,0.6,0,0,bahar,82
Karşıyaka,0.6,0,0,yaz,118
Çeşme,0.5,0,1,yaz,169
Karşıyaka,0.6,0,0,kış,167
Çeşme,0.5,0,1,kış,192
Aliağa,0.9,1,1,sonbahar,121
Çeşme,0.5,0,1,sonbahar,161
Bornova,0.7,1,0,sonbahar,97
Çeşme,0.5,0,1,bahar,93
Bornova,0.7,1,0,bahar,107
Karşıyaka,0.6,0,0,sonbahar,148
Karşıyaka,0.6,0,0,sonbahar,130
Çeşme,0.5,0,1,yaz,156
Karşıyaka,0.6,0,0,kış,174
Aliağa,0.9,1,1,kış,113
Konak,0.8,1,1,kış,148
Bornova,0.7,1,0,kış,185
Karşıyaka,0.6,0,0,bahar,81
Konak,0.8,1,1,yaz,157
Aliağa,0.9,1,1,yaz,74
Karşıyaka,0.6,0,0,yaz,192
Çeşme,0.5,0,1,yaz,214
Aliağa,0.9,1,1,bahar,71
Aliağa,0.9,1,1,sonbahar,61
Bornova,0.7,1,0,kış,98
Aliağa,0.9,1,1,kış,69
Karşıyaka,0.6,0,0,bahar,150
Bornova,0.7,1,0,yaz,112
Karşıyaka,0.6,0,0,kış,109
Çeşme,0.5,0,1,yaz,120
Çeşme,0.5,0,1,kış,129
Bornova,0.7,1,0,kış,128
Tire,0.4,0,0,kış,231
Konak,0.8,1,1,sonbahar,98
Aliağa,0.9,1,1,sonbahar,137
Çeşme,0.5,0,1,sonbahar,175
Konak,0.8,1,1,bahar,80
Bornova,0.7,1,0,yaz,191
Bornova,0.7,1,0,yaz,122
Bornova,0.7,1,0,kış,153
Karşıyaka,0.6,0,0,sonbahar,156
Bornova,0.7,1,0,sonbahar,99
Karşıyaka,0.6,0,0,sonbahar,134
Aliağa,0.9,1,1,kış,144
Karşıyaka,0.6,0,0,kış,184
Bornova,0.7,1,0,kış,105
Karşıyaka,0.6,0,0,kış,110
Çeşme,0.5,0,1,kış,149
Bornova,0.7,1,0,bahar,92
Aliağa,0.9,1,1,bahar,81
Aliağa,0.9,1,1,sonbahar,75
Konak,0.8,1,1,sonbahar,91
Tire,0.4,0,0,sonbahar,186
Bornova,0.7,1,0,kış,157
Karşıyaka,0.6,0,0,kış,168
Konak,0.8,1,1,kış,125
Bornova,0.7,1,0,kış,169
Aliağa,0.9,1,1,sonbahar,69
Bornova,0.7,1,0,sonbahar,142
Karşıyaka,0.6,0,0,sonbahar,151
Çeşme,0.5,0,1,sonbahar,172
Konak,0.8,1,1,sonbahar,126
Bornova,0.7,1,0,sonbahar,170
Konak,0.8,1,1,kış,138
Bornova,0.7,1,0,sonbahar,137
Çeşme,0.5,0,1,sonbahar,180
Karşıyaka,0.6,0,0,bahar,142
Çeşme,0.5,0,1,bahar,166
Aliağa,0.9,1,1,yaz,111
Konak,0.8,1,1,yaz,117
Karşıyaka,0.6,0,0,yaz,141
Çeşme,0.5,0,1,bahar,118
Konak,0.8,1,1,sonbahar,124
Konak,0.8,1,1,sonbahar,121
Çeşme,0.5,0,1,sonbahar,132
Aliağa,0.9,1,1,sonbahar,110
Karşıyaka,0.6,0,0,sonbahar,168
Karşıyaka,0.6,0,0,sonbahar,136
Konak,0.8,1,1,yaz,115
Konak,0.8,1,1,yaz,73
Konak,0.8,1,1,yaz,122
Konak,0.8,1,1,yaz,108
Çeşme,0.5,0,1,yaz,193
Konak,0.8,1,1,bahar,115
Aliağa,0.9,1,1,yaz,133
Aliağa,0.9,1,1,kış,122
Karşıyaka,0.6,0,0,kış,194
Bornova,0.7,1,0,bahar,109
Aliağa,0.9,1,1,kış,67
Aliağa,0.9,1,1,kış,101
Karşıyaka,0.6,0,0,yaz,179
Konak,0.8,1,1,sonbahar,123
Çeşme,0.5,0,1,sonbahar,159
Karşıyaka,0.6,0,0,sonbahar,169
Bornova,0.7,1,0,kış,135
Aliağa,0.9,1,1,kış,100
Çeşme,0.5,0,1,kış,182
Karşıyaka,0.6,0,0,bahar,90
Çeşme,0.5,0,1,bahar,126
Karşıyaka,0.6,0,0,sonbahar,100
Çeşme,0.5,0,1,kış,150
Konak,0.8,1,1,kış,84
Konak,0.8,1,1,kış,112
Aliağa,0.9,1,1,kış,143
Karşıyaka,0.6,0,0,kış,185
Karşıyaka,0.6,0,0,yaz,208
Konak,0.8,1,1,kış,121
Bornova,0.7,1,0,kış,167
Tire,0.4,0,0,yaz,243
Karşıyaka,0.6,0,0,bahar,87
Konak,0.8,1,1,bahar,120
Karşıyaka,0.6,0,0,sonbahar,99
Aliağa,0.9,1,1,yaz,125
Bornova,0.7,1,0,yaz,183
Tire,0.4,0,0,kış,226
Konak,0.8,1,1,sonbahar,131
Çeşme,0.5,0,1,bahar,100
Tire,0.4,0,0,bahar,197
Bornova,0.7,1,0,bahar,100
Tire,0.4,0,0,bahar,195
Konak,0.8,1,1,bahar,117
Karşıyaka,0.6,0,0,bahar,153
Karşıyaka,0.6,0,0,yaz,160
Bornova,0.7,1,0,bahar,113
Çeşme,0.5,0,1,kış,201
Aliağa,0.9,1,1,kış,116
Bornova,0.7,1,0,kış,168
Karşıyaka,0.6,0,0,kış,188
Bornova,0.7,1,0,sonbahar,100
Bornova,0.7,1,0,sonbahar,153
Karşıyaka,0.6,0,0,sonbahar,180
Karşıyaka,0.6,0,0,sonbahar,141
Konak,0.8,1,1,yaz,153
Bornova,0.7,1,0,yaz,195
Bornova,0.7,1,0,sonbahar,104
Karşıyaka,0.6,0,0,kış,144
Karşıyaka,0.6,0,0,kış,101
Aliağa,0.9,1,1,yaz,118
Karşıyaka,0.6,0,0,bahar,91
Çeşme,0.5,0,1,bahar,127
Karşıyaka,0.6,0,0,yaz,180
Çeşme,0.5,0,1,kış,119
Karşıyaka,0.6,0,0,yaz,189
Konak,0.8,1,1,kış,77
Bornova,0.7,1,0,sonbahar,139
Aliağa,0.9,1,1,yaz,127
Çeşme,0.5,0,1,sonbahar,166
Bornova,0.7,1,0,kış,131
Bornova,0.7,1,0,sonbahar,94
Tire,0.4,0,0,sonbahar,216
Aliağa,0.9,1,1,kış,66
Çeşme,0.5,0,1,kış,110
Konak,0.8,1,1,bahar,94
Aliağa,0.9,1,1,bahar,120
Bornova,0.7,1,0,yaz,193
Karşıyaka,0.6,0,0,sonbahar,126
Bornova,0.7,1,0,yaz,121
Aliağa,0.9,1,1,yaz,108
Çeşme,0.5,0,1,sonbahar,98
Çeşme,0.5,0,1,yaz,138
Karşıyaka,0.6,0,0,yaz,206
Aliağa,0.9,1,1,bahar,96
Konak,0.8,1,1,bahar,118
Karşıyaka,0.6,0,0,bahar,151
Konak,0.8,1,1,yaz,129
Bornova,0.7,1,0,sonbahar,101
Karşıyaka,0.6,0,0,sonbahar,161
Konak,0.8,1,1,yaz,106
Aliağa,0.9,1,1,yaz,112
Çeşme,0.5,0,1,yaz,162
Çeşme,0.5,0,1,bahar,122
Karşıyaka,0.6,0,0,kış,162
Karşıyaka,0.6,0,0,yaz,158
Karşıyaka,0.6,0,0,sonbahar,138
Bornova,0.7,1,0,sonbahar,156
Aliağa,0.9,1,1,sonbahar,108
Bornova,0.7,1,0,sonbahar,151
Karşıyaka,0.6,0,0,sonbahar,170
Aliağa,0.9,1,1,bahar,100
Çeşme,0.5,0,1,sonbahar,133
Çeşme,0.5,0,1,bahar,117
Bornova,0.7,1,0,yaz,166
Karşıyaka,0.6,0,0,yaz,111
Karşıyaka,0.6,0,0,yaz,176
Çeşme,0.5,0,1,yaz,209
Karşıyaka,0.6,0,0,kış,99
Çeşme,0.5,0,1,bahar,160
Bornova,0.7,1,0,sonbahar,87
Karşıyaka,0.6,0,0,sonbahar,121
Konak,0.8,1,1,yaz,77
Tire,0.4,0,0,yaz,223
Çeşme,0.5,0,1,bahar,95
Karşıyaka,0.6,0,0,bahar,102
Aliağa,0.9,1,1,kış,73
Konak,0.8,1,1,kış,146
Aliağa,0.9,1,1,kış,119
Karşıyaka,0.6,0,0,kış,200
Karşıyaka,0.6,0,0,kış,112
Aliağa,0.9,1,1,sonbahar,106
Bornova,0.7,1,0,sonbahar,160
Aliağa,0.9,1,1,kış,137
Çeşme,0.5,0,1,kış,180
Konak,0.8,1,1,sonbahar,59
Aliağa,0.9,1,1,yaz,150
Çeşme,0.5,0,1,yaz,207
Konak,0.8,1,1,yaz,110
Bornova,0.7,1,0,sonbahar,167
Çeşme,0.5,0,1,sonbahar,158
Konak,0.8,1,1,bahar,121
Bornova,0.7,1,0,sonbahar,89
Bornova,0.7,1,0,bahar,81
Tire,0.4,0,0,bahar,168
Çeşme,0.5,0,1,sonbahar,129
Konak,0.8,1,1,sonbahar,86
Karşıyaka,0.6,0,0,yaz,114
Çeşme,0.5,0,1,yaz,154
Karşıyaka,0.6,0,0,kış,183
Çeşme,0.5,0,1,bahar,162
Karşıyaka,0.6,0,0,sonbahar,146
Aliağa,0.9,1,1,kış,103
Konak,0.8,1,1,sonbahar,128
Çeşme,0.5,0,1,kış,113
Karşıyaka,0.6,0,0,kış,161
Konak,0.8,1,1,yaz,128
Bornova,0.7,1,0,bahar,148
Karşıyaka,0.6,0,0,bahar,165
Bornova,0.7,1,0,yaz,168
Aliağa,0.9,1,1,yaz,107
Konak,0.8,1,1,sonbahar,88
Konak,0.8,1,1,bahar,98
Karşıyaka,0.6,0,0,bahar,162
Karşıyaka,0.6,0,0,kış,132
Konak,0.8,1,1,yaz,155
Bornova,0.7,1,0,bahar,138
Karşıyaka,0.6,0,0,sonbahar,95
Konak,0.8,1,1,bahar,79
Aliağa,0.9,1,1,bahar,101
Karşıyaka,0.6,0,0,bahar,137
Aliağa,0.9,1,1,yaz,153
Bornova,0.7,1,0,sonbahar,141
Karşıyaka,0.6,0,0,sonbahar,167
Tire,0.4,0,0,kış,211
Karşıyaka,0.6,0,0,sonbahar,150
Konak,0.8,1,1,yaz,158
Çeşme,0.5,0,1,yaz,198
Karşıyaka,0.6,0,0,kış,115
Çeşme,0.5,0,1,kış,155
Bornova,0.7,1,0,yaz,138
Bornova,0.7,1,0,bahar,143
Karşıyaka,0.6,0,0,kış,151
Aliağa,0.9,1,1,bahar,106
Aliağa,0.9,1,1,yaz,72
Çeşme,0.5,0,1,kış,181
Konak,0.8,1,1,bahar,99
Karşıyaka,0.6,0,0,yaz,155
Aliağa,0.9,1,1,kış,120
Konak,0.8,1,1,yaz,133
Bornova,0.7,1,0,yaz,181
Karşıyaka,0.6,0,0,yaz,210
Karşıyaka,0.6,0,0,bahar,157
Karşıyaka,0.6,0,0,bahar,146
Karşıyaka,0.6,0,0,bahar,101
Çeşme,0.5,0,1,bahar,91
Çeşme,0.5,0,1,bahar,99
Aliağa,0.9,1,1,kış,76
Karşıyaka,0.6,0,0,yaz,140
Karşıyaka,0.6,0,0,sonbahar,117
Aliağa,0.9,1,1,kış,145
Karşıyaka,0.6,0,0,kış,173
Karşıyaka,0.6,0,0,bahar,126
Konak,0.8,1,1,kış,99
Aliağa,0.9,1,1,kış,132
Çeşme,0.5,0,1,kış,178
Konak,0.8,1,1,kış,66
Çeşme,0.5,0,1,kış,109
Aliağa,0.9,1,1,yaz,158
Bornova,0.7,1,0,bahar,85
Karşıyaka,0.6,0,0,kış,131
Aliağa,0.9,1,1,yaz,106
Konak,0.8,1,1,yaz,146
Karşıyaka,0.6,0,0,bahar,94
Çeşme,0.5,0,1,bahar,114
Bornova,0.7,1,0,yaz,147
Aliağa,0.9,1,1,bahar,82
Konak,0.8,1,1,bahar,113
Bornova,0.7,1,0,sonbahar,164
Karşıyaka,0.6,0,0,kış,102
Karşıyaka,0.6,0,0,yaz,169
Karşıyaka,0.6,0,0,bahar,159
Konak,0.8,1,1,yaz,74
Konak,0.8,1,1,yaz,149
Çeşme,0.5,0,1,sonbahar,97
Konak,0.8,1,1,sonbahar,134
Tire,0.4,0,0,bahar,167
Bornova,0.7,1,0,yaz,140
Bornova,0.7,1,0,kış,179
Aliağa,0.9,1,1,yaz,146
Tire,0.4,0,0,kış,237
Aliağa,0.9,1,1,yaz,128
Bornova,0.7,1,0,yaz,106
Bornova,0.7,1,0,kış,173
Aliağa,0.9,1,1,sonbahar,122
Konak,0.8,1,1,kış,137
Çeşme,0.5,0,1,kış,190
Aliağa,0.9,1,1,yaz,148
Karşıyaka,0.6,0,0,yaz,202
Bornova,0.7,1,0,bahar,145
Aliağa,0.9,1,1,yaz,159
Aliağa,0.9,1,1,yaz,123
Çeşme,0.5,0,1,yaz,155
Çeşme,0.5,0,1,yaz,167
Bornova,0.7,1,0,kış,130
Karşıyaka,0.6,0,0,bahar,139
Konak,0.8,1,1,kış,116
Bornova,0.7,1,0,yaz,199
Çeşme,0.5,0,1,yaz,190
Aliağa,0.9,1,1,sonbahar,132
Bornova,0.7,1,0,sonbahar,166
Konak,0.8,1,1,bahar,105
Karşıyaka,0.6,0,0,bahar,166
Konak,0.8,1,1,bahar,108
Bornova,0.7,1,0,bahar,121
Çeşme,0.5,0,1,bahar,158
Konak,0.8,1,1,kış,107
Çeşme,0.5,0,1,kış,140
Bornova,0.7,1,0,kış,186
Bornova,0.7,1,0,yaz,157
Çeşme,0.5,0,1,bahar,131
Aliağa,0.9,1,1,yaz,130
Çeşme,0.5,0,1,sonbahar,160
Bornova,0.7,1,0,bahar,135
Bornova,0.7,1,0,yaz,198
Konak,0.8,1,1,kış,97
Bornova,0.7,1,0,kış,108
Konak,0.8,1,1,yaz,152
Konak,0.8,1,1,sonbahar,85
Aliağa,0.9,1,1,sonbahar,90
Karşıyaka,0.6,0,0,sonbahar,171
Konak,0.8,1,1,kış,123
Karşıyaka,0.6,0,0,kış,192
Çeşme,0.5,0,1,kış,199
Aliağa,0.9,1,1,yaz,147
Konak,0.8,1,1,kış,68
Aliağa,0.9,1,1,kış,135
Bornova,0.7,1,0,kış,170
Karşıyaka,0.6,0,0,yaz,110
Aliağa,0.9,1,1,yaz,122
Karşıyaka,0.6,0,0,sonbahar,98
Bornova,0.7,1,0,kış,133
Karşıyaka,0.6,0,0,yaz,168
Konak,0.8,1,1,kış,96
Konak,0.8,1,1,bahar,83
Karşıyaka,0.6,0,0,bahar,95
Çeşme,0.5,0,1,bahar,129
Aliağa,0.9,1,1,yaz,73
Bornova,0.7,1,0,bahar,112
Karşıyaka,0.6,0,0,bahar,89
Çeşme,0.5,0,1,bahar,123
Karşıyaka,0.6,0,0,kış,125
Çeşme,0.5,0,1,kış,156
Konak,0.8,1,1,bahar,100
Bornova,0.7,1,0,bahar,140
Karşıyaka,0.6,0,0,sonbahar,92
Bornova,0.7,1,0,bahar,77
Karşıyaka,0.6,0,0,bahar,106
Aliağa,0.9,1,1,sonbahar,89
Çeşme,0.5,0,1,bahar,164
Konak,0.8,1,1,bahar,55
Konak,0.8,1,1,sonbahar,87
Konak,0.8,1,1,sonbahar,105
Aliağa,0.9,1,1,bahar,115
Çeşme,0.5,0,1,bahar,146
Konak,0.8,1,1,yaz,147
Bornova,0.7,1,0,yaz,124
Bornova,0.7,1,0,yaz,162
Aliağa,0.9,1,1,yaz,155
Konak,0.8,1,1,bahar,103
Çeşme,0.5,0,1,yaz,195
Aliağa,0.9,1,1,kış,117
Karşıyaka,0.6,0,0,kış,189
Karşıyaka,0.6,0,0,bahar,96
Karşıyaka,0.6,0,0,sonbahar,105
Bornova,0.7,1,0,kış,97
Konak,0.8,1,1,sonbahar,104
Karşıyaka,0.6,0,0,sonbahar,114
Konak,0.8,1,1,kış,142
Bornova,0.7,1,0,kış,180
Bornova,0.7,1,0,kış,144
Karşıyaka,0.6,0,0,bahar,124
Bornova,0.7,1,0,kış,102
Karşıyaka,0.6,0,0,kış,105
Aliağa,0.9,1,1,sonbahar,129
Bornova,0.7,1,0,kış,165
Karşıyaka,0.6,0,0,sonbahar,103
Çeşme,0.5,0,1,sonbahar,179
Çeşme,0.5,0,1,sonbahar,138
Çeşme,0.5,0,1,sonbahar,130
Bornova,0.7,1,0,sonbahar,88
Aliağa,0.9,1,1,kış,140
Konak,0.8,1,1,kış,70
Karşıyaka,0.6,0,0,kış,130
Konak,0.8,1,1,kış,105
Karşıyaka,0.6,0,0,sonbahar,179
Çeşme,0.5,0,1,kış,157
Çeşme,0.5,0,1,bahar,130
Karşıyaka,0.6,0,0,sonbahar,91
Aliağa,0.9,1,1,sonbahar,87
Aliağa,0.9,1,1,bahar,119
Karşıyaka,0.6,0,0,bahar,128
Bornova,0.7,1,0,kış,166
Aliağa,0.9,1,1,sonbahar,134
Karşıyaka,0.6,0,0,yaz,122
Karşıyaka,0.6,0,0,kış,172
Karşıyaka,0.6,0,0,bahar,84
Çeşme,0.5,0,1,bahar,124
Karşıyaka,0.6,0,0,kış,98
Karşıyaka,0.6,0,0,sonbahar,176
Bornova,0.7,1,0,sonbahar,86
Bornova,0.7,1,0,kış,125
Çeşme,0.5,0,1,bahar,113
Çeşme,0.5,0,1,sonbahar,137
Bornova,0.7,1,0,bahar,105
Bornova,0.7,1,0,kış,129
Karşıyaka,0.6,0,0,yaz,144
Karşıyaka,0.6,0,0,sonbahar,113
Çeşme,0.5,0,1,kış,141
Bornova,0.7,1,0,bahar,80
Aliağa,0.9,1,1,kış,111
Konak,0.8,1,1,bahar,54
Çeşme,0.5,0,1,sonbahar,157
